--------------
SET STORAGE_ENGINE = INNODB
--------------

Query OK, 0 rows affected, 1 warning (0.00 sec)

--------------
SELECT 
Author_FName AS Forename, 
Author_LName AS Surname, 
Author_Age AS Age
FROM
Author
--------------

+----------+---------+-----+
| Forename | Surname | Age |
+----------+---------+-----+
| Helen    | Back    |  37 |
| Gail     | Force   |  53 |
| Adam     | Zapel   |  34 |
| Hazel    | Nutt    |  43 |
| Cara     | Van     |  42 |
| Joe      | King    |  23 |
| Matt     | Tress   |  45 |
| Orson    | Carte   |  56 |
| Anna     | Conda   |  19 |
| Warren   | Peace   |  33 |
| Anne     | Teak    |  18 |
| Jack     | Pott    |  32 |
+----------+---------+-----+
12 rows in set (0.00 sec)

--------------
SELECT
AVG(Author_Age) AS 'Average Male Age'
FROM
Author
WHERE
Author_Gender = 'Male'
--------------

+------------------+
| Average Male Age |
+------------------+
|          37.1667 |
+------------------+
1 row in set (0.00 sec)

--------------
SELECT
Author_Fname AS Forename,
Author_Lname AS Surname,
Author_Salary AS Salary
FROM
Author
WHERE
Author_Salary = (SELECT MAX(Author_Salary) FROM Author)
--------------

+----------+---------+----------+
| Forename | Surname | Salary   |
+----------+---------+----------+
| Anna     | Conda   | 49000.00 |
+----------+---------+----------+
1 row in set (0.02 sec)

--------------
SELECT
Author_FName AS Forename,
Author_LName AS Surname
FROM
Author
WHERE
Author_Written = 'No'
--------------

+----------+---------+
| Forename | Surname |
+----------+---------+
| Gail     | Force   |
| Joe      | King    |
| Matt     | Tress   |
| Anna     | Conda   |
| Anne     | Teak    |
+----------+---------+
5 rows in set (0.00 sec)

--------------
SELECT
Article_Author_Title AS Title,
Article_Author_Content AS Article,
Article_Author_Fname AS 'Author Forename',
Article_Author_Lname AS 'Author Surname'
FROM
Article_Author
WHERE
Article_Author_Content LIKE '%George Clooney%'
OR Article_Author_Content LIKE '%David Cameron%'
--------------

+----------------------------------------+-----------------------------------------------------------------------------------------------------------------------------------------+-----------------+----------------+
| Title                                  | Article                                                                                                                                 | Author Forename | Author Surname |
+----------------------------------------+-----------------------------------------------------------------------------------------------------------------------------------------+-----------------+----------------+
| Film star visits cafe for homeless     | Hollywood star George Clooney visits a sandwich shop which helps homeless people during a visit to Edinburgh.                           | Adam            | Zapel          |
| Modi visit historic opportunity for UK | Indian prime minister arrives in the UK for a three day visit, described by David Cameron as a historic opportunity for both countries. | Jack            | Pott           |
+----------------------------------------+-----------------------------------------------------------------------------------------------------------------------------------------+-----------------+----------------+
2 rows in set (0.00 sec)

Bye
